,Tahmin,Üst,Alt
2024-12-29,0.8531869053840637,1.1671577582352317,0.5806648408004531
